[{"size": 30, "label": "United States of America (the)", "color": "#4CC3D9"}, {"size": 8, "label": "United Kingdom of Great Britain and Northern Ireland (the)", "color": "#ff0000"}, {"size": 7, "label": "France", "color": "#00ff00"}, {"size": 5, "label": "Spain", "color": "#0000ff"}, {"size": 4, "label": "Germany", "color": "#bf0cf5"}, {"size": 4, "label": "Italy", "color": "#F2F903"}, {"size": 1, "label": "Israel", "color": "#888FFF"}, {"size": 1, "label": "Netherlands (the)", "color": "#700FF9"}]